condition,description,title,brand,price,product_type,custom_label_0,timestamp
new,New 2024 GMC Terrain,New 2024 GMC Terrain SLE,GMC,29829 USD,SUV,Terrain,2024-10-22 22:31:03
new,New 2024 GMC Yukon XL,New 2024 GMC Yukon XL AT4,GMC,73767 USD,SUV,Yukon XL,2024-03-31 23:14:40
new,New 2024 GMC Sierra 1500,New 2024 GMC Sierra 1500 AT4X Crew Cab,GMC,72747 USD,Truck,Sierra 1500,2024-08-29 18:04:21
new,New 2024 GMC Sierra 1500,New 2024 GMC Sierra 1500 Denali Crew Cab,GMC,71895 USD,Truck,Sierra 1500,2024-03-12 21:24:03
new,New 2024 GMC Sierra 1500,New 2024 GMC Sierra 1500 Denali Crew Cab,GMC,71895 USD,Truck,Sierra 1500,2024-03-31 04:31:36
new,New 2024 GMC Sierra 2500 HD,New 2024 GMC Sierra 2500 HD Denali Crew Cab,GMC,71435 USD,Truck,Sierra 2500 HD,2024-06-28 18:01:04
new,New 2024 GMC Yukon XL,New 2024 GMC Yukon XL SLT,GMC,69666 USD,SUV,Yukon XL,2024-03-17 02:13:53
new,New 2024 GMC Sierra 1500,New 2024 GMC Sierra 1500 Denali Crew Cab,GMC,69153 USD,Truck,Sierra 1500,2024-03-25 11:51:20
new,New 2024 GMC Sierra 1500,New 2024 GMC Sierra 1500 Denali Crew Cab,GMC,67515 USD,Truck,Sierra 1500,2024-05-25 07:01:30
new,New 2024 GMC Sierra 1500,New 2024 GMC Sierra 1500 AT4 Crew Cab,GMC,64294 USD,Truck,Sierra 1500,2024-03-13 02:34:11
new,New 2024 GMC Sierra 1500,New 2024 GMC Sierra 1500 AT4 Crew Cab,GMC,63257 USD,Truck,Sierra 1500,2024-12-27 10:27:43
new,New 2024 GMC Sierra 1500,New 2024 GMC Sierra 1500 AT4 Crew Cab,GMC,63257 USD,Truck,Sierra 1500,2024-12-10 07:33:38
new,New 2024 GMC Sierra 1500,New 2024 GMC Sierra 1500 AT4 Crew Cab,GMC,62567 USD,Truck,Sierra 1500,2024-06-09 15:17:38
new,New 2024 GMC Sierra 1500,New 2024 GMC Sierra 1500 SLT Crew Cab,GMC,60392 USD,Truck,Sierra 1500,2024-06-02 02:43:57
new,New 2024 GMC Acadia,New 2024 GMC Acadia Denali,GMC,59386 USD,SUV,Acadia,2024-11-16 07:16:33
new,New 2024 GMC Acadia,New 2024 GMC Acadia Denali,GMC,57810 USD,SUV,Acadia,2024-03-10 12:28:52
new,New 2024 GMC Yukon XL,New 2024 GMC Yukon XL AT4,GMC,74597 USD,SUV,Yukon XL,2024-10-19 01:48:19
new,New 2024 GMC Sierra 1500,New 2024 GMC Sierra 1500 Elevation Crew Cab,GMC,57395 USD,Truck,Sierra 1500,2024-02-12 04:31:50
new,New 2024 GMC Sierra 1500,New 2024 GMC Sierra 1500 Denali Ultimate Crew Cab,GMC,76528 USD,Truck,Sierra 1500,2024-01-29 01:04:26
new,New 2024 GMC Sierra 2500 HD,New 2024 GMC Sierra 2500 HD AT4 Crew Cab,GMC,78356 USD,Truck,Sierra 2500 HD,2024-01-28 23:18:25
new,New 2024 GMC Yukon XL,New 2024 GMC Yukon XL Denali Ultimate,GMC,95662 USD,SUV,Yukon XL,2024-04-10 06:20:42
new,New 2024 GMC Sierra 2500 HD,New 2024 GMC Sierra 2500 HD AT4X Crew Cab,GMC,94158 USD,Truck,Sierra 2500 HD,2024-01-23 01:19:27
new,New 2024 GMC Yukon,New 2024 GMC Yukon Denali Ultimate,GMC,92429 USD,SUV,Yukon,2024-06-12 02:39:08
new,New 2024 GMC Sierra 3500 HD,New 2024 GMC Sierra 3500 HD Denali Ultimate Crew Cab,GMC,91570 USD,Truck,Sierra 3500 HD,2024-05-16 01:37:41
new,New 2024 GMC Sierra 2500 HD,New 2024 GMC Sierra 2500 HD Denali Ultimate Crew Cab,GMC,87565 USD,Truck,Sierra 2500 HD,2024-03-26 05:38:22
new,New 2024 GMC Sierra 2500 HD,New 2024 GMC Sierra 2500 HD Denali Ultimate Crew Cab,GMC,87133 USD,Truck,Sierra 2500 HD,2024-04-03 09:38:11
new,New 2024 GMC Yukon,New 2024 GMC Yukon Denali,GMC,85088 USD,SUV,Yukon,2024-01-13 16:26:39
new,New 2024 GMC Yukon XL,New 2024 GMC Yukon XL Denali,GMC,82838 USD,SUV,Yukon XL,2024-07-18 01:46:41
new,New 2024 GMC Sierra 2500 HD,New 2024 GMC Sierra 2500 HD Denali Crew Cab,GMC,81972 USD,Truck,Sierra 2500 HD,2024-08-06 06:27:26
new,New 2024 GMC Sierra 3500 HD,New 2024 GMC Sierra 3500 HD Denali Crew Cab,GMC,81520 USD,Truck,Sierra 3500 HD,2024-04-17 15:07:51
new,New 2024 GMC Sierra 3500 HD,New 2024 GMC Sierra 3500 HD Denali Crew Cab,GMC,81360 USD,Truck,Sierra 3500 HD,2024-02-21 09:28:10
new,New 2024 GMC Sierra 2500 HD,New 2024 GMC Sierra 2500 HD Denali Crew Cab,GMC,81298 USD,Truck,Sierra 2500 HD,2024-05-17 22:48:56
new,New 2024 GMC Yukon XL,New 2024 GMC Yukon XL Denali,GMC,80981 USD,SUV,Yukon XL,2024-05-08 10:08:52
new,New 2024 GMC Sierra 2500 HD,New 2024 GMC Sierra 2500 HD Denali Crew Cab,GMC,80582 USD,Truck,Sierra 2500 HD,2024-05-05 08:12:42
new,New 2024 GMC Sierra 3500 HD,New 2024 GMC Sierra 3500 HD Denali Crew Cab,GMC,80253 USD,Truck,Sierra 3500 HD,2024-05-12 00:57:32
new,New 2024 GMC Sierra 1500,New 2024 GMC Sierra 1500 Denali Ultimate Crew Cab,GMC,76543 USD,Truck,Sierra 1500,2024-07-15 23:06:29
new,New 2024 GMC Sierra 1500,New 2024 GMC Sierra 1500 Elevation Crew Cab,GMC,56622 USD,Truck,Sierra 1500,2024-10-13 06:35:37
new,New 2024 GMC Sierra 2500 HD,New 2024 GMC Sierra 2500 HD Denali Crew Cab,GMC,83875 USD,Truck,Sierra 2500 HD,2024-09-05 10:42:43
new,New 2024 GMC Sierra 1500,New 2024 GMC Sierra 1500 Elevation Double Cab,GMC,54795 USD,Truck,Sierra 1500,2024-05-11 13:37:19
new,New 2024 GMC Sierra 1500,New 2024 GMC Sierra 1500 Elevation Double Cab,GMC,45987 USD,Truck,Sierra 1500,2024-08-16 13:59:33
new,New 2024 GMC Acadia,New 2024 GMC Acadia Elevation,GMC,44640 USD,SUV,Acadia,2024-10-13 17:32:13
new,New 2024 GMC Acadia,New 2024 GMC Acadia Elevation,GMC,44045 USD,SUV,Acadia,2024-12-12 01:08:23
new,New 2024 GMC Acadia,New 2024 GMC Acadia Elevation,GMC,43346 USD,SUV,Acadia,2024-04-26 17:31:44
new,New 2024 GMC Canyon,New 2024 GMC Canyon Elevation Crew Cab,GMC,43307 USD,Truck,Canyon,2024-06-28 10:58:29
new,New 2024 GMC Canyon,New 2024 GMC Canyon AT4 Crew Cab,GMC,42421 USD,Truck,Canyon,2024-10-19 23:15:27
new,New 2024 GMC Acadia,New 2024 GMC Acadia Elevation,GMC,42082 USD,SUV,Acadia,2024-07-22 11:57:04
new,New 2024 GMC Canyon,New 2024 GMC Canyon Elevation Crew Cab,GMC,38533 USD,Truck,Canyon,2024-05-24 03:34:24
new,New 2024 GMC Sierra 1500,New 2024 GMC Sierra 1500 Pro Regular Cab,GMC,37867 USD,Truck,Sierra 1500,2024-11-21 10:56:37
new,New 2023 GMC Canyon,New 2023 GMC Canyon Elevation Crew Cab,GMC,35790 USD,Truck,Canyon,2024-05-12 20:33:49
new,New 2024 GMC Terrain,New 2024 GMC Terrain SLE,GMC,34710 USD,SUV,Terrain,2024-11-27 06:19:16
new,New 2024 GMC Terrain,New 2024 GMC Terrain SLT,GMC,31482 USD,SUV,Terrain,2024-07-27 17:29:06
new,New 2024 GMC Terrain,New 2024 GMC Terrain SLE,GMC,29960 USD,SUV,Terrain,2024-10-11 01:51:47
new,New 2024 GMC Terrain,New 2024 GMC Terrain SLE,GMC,29829 USD,SUV,Terrain,2024-03-25 10:04:04
new,New 2024 GMC Sierra 1500,New 2024 GMC Sierra 1500 Elevation Crew Cab,GMC,56491 USD,Truck,Sierra 1500,2024-05-17 11:52:29
new,New 2024 GMC Sierra 1500,New 2024 GMC Sierra 1500 Elevation Double Cab,GMC,46245 USD,Truck,Sierra 1500,2024-09-11 15:21:42
new,New 2024 GMC Sierra 1500,New 2024 GMC Sierra 1500 Elevation Double Cab,GMC,46419 USD,Truck,Sierra 1500,2024-10-03 17:24:51
new,New 2024 GMC Terrain,New 2024 GMC Terrain SLE,GMC,31605 USD,SUV,Terrain,2024-07-29 04:43:06
new,New 2024 GMC Sierra 1500,New 2024 GMC Sierra 1500 SLE Crew Cab,GMC,47800 USD,Truck,Sierra 1500,2024-03-23 10:51:18
new,New 2024 GMC Sierra 1500,New 2024 GMC Sierra 1500 Elevation Crew Cab,GMC,54575 USD,Truck,Sierra 1500,2024-09-17 07:41:25
new,New 2024 GMC Sierra 1500,New 2024 GMC Sierra 1500 Pro Regular Cab,GMC,47005 USD,Truck,Sierra 1500,2024-07-15 15:03:08
new,New 2024 GMC Sierra 1500,New 2024 GMC Sierra 1500 Elevation Crew Cab,GMC,54483 USD,Truck,Sierra 1500,2024-10-09 13:33:01
new,New 2024 GMC Sierra 2500 HD,New 2024 GMC Sierra 2500 HD SLE Double Cab,GMC,53412 USD,Truck,Sierra 2500 HD,2024-11-04 04:11:28
new,New 2024 GMC Sierra 1500,New 2024 GMC Sierra 1500 Elevation Crew Cab,GMC,50156 USD,Truck,Sierra 1500,2024-03-30 04:49:16
new,New 2024 GMC Sierra 1500,New 2024 GMC Sierra 1500 Elevation Crew Cab,GMC,49084 USD,Truck,Sierra 1500,2024-06-02 09:57:13
new,New 2024 GMC Sierra 1500,New 2024 GMC Sierra 1500 Elevation Crew Cab,GMC,48915 USD,Truck,Sierra 1500,2024-09-15 08:37:42
new,New 2024 GMC Sierra 1500,New 2024 GMC Sierra 1500 Elevation Crew Cab,GMC,48784 USD,Truck,Sierra 1500,2024-01-17 00:56:12
new,New 2024 GMC Acadia,New 2024 GMC Acadia AT4,GMC,50969 USD,SUV,Acadia,2024-02-12 02:52:20
new,New 2024 GMC Sierra 1500,New 2024 GMC Sierra 1500 Elevation Crew Cab,GMC,48784 USD,Truck,Sierra 1500,2024-02-13 15:18:55
new,New 2024 GMC Sierra 1500,New 2024 GMC Sierra 1500 Elevation Crew Cab,GMC,48784 USD,Truck,Sierra 1500,2024-08-30 09:08:59
new,New 2024 GMC Sierra 1500,New 2024 GMC Sierra 1500 Elevation Crew Cab,GMC,48768 USD,Truck,Sierra 1500,2024-04-19 02:32:55
new,New 2024 GMC Acadia,New 2024 GMC Acadia AT4,GMC,48051 USD,SUV,Acadia,2024-06-27 15:01:23
new,New 2024 GMC Sierra 1500,New 2024 GMC Sierra 1500 Elevation Crew Cab,GMC,48768 USD,Truck,Sierra 1500,2024-06-10 17:28:41
new,New 2024 GMC Sierra 1500,New 2024 GMC Sierra 1500 Elevation Crew Cab,GMC,48609 USD,Truck,Sierra 1500,2024-03-13 14:40:35
new,New 2024 GMC Sierra 1500,New 2024 GMC Sierra 1500 Elevation Crew Cab,GMC,48784 USD,Truck,Sierra 1500,2024-02-06 09:28:27
new,New 2024 GMC Sierra 1500,New 2024 GMC Sierra 1500 Elevation Crew Cab,GMC,48609 USD,Truck,Sierra 1500,2024-08-07 15:10:25
cpo,Certified 2023 GMC Yukon XL,Certified Pre-Owned 2023 GMC Yukon XL SLT,GMC,64734 USD,SUV,Yukon XL,2024-09-15 04:20:37
used,Used 2021 GMC Sierra 1500,Pre-Owned 2021 GMC Sierra 1500 SLE Crew Cab,GMC,37212 USD,Truck,Sierra 1500,2024-08-02 05:27:39
used,Used 2021 Toyota Highlander,Pre-Owned 2021 Toyota Highlander XLE,Toyota,32911 USD,SUV,Highlander,2024-11-19 11:30:44
used,Used 2021 Cadillac XT5,Pre-Owned 2021 Cadillac XT5 Premium Luxury,Cadillac,33309 USD,SUV,XT5,2024-05-21 02:56:08
used,Used 2019 Ram 1500,Pre-Owned 2019 Ram 1500 Laramie Crew Cab,Ram,33343 USD,Truck,1500,2024-11-06 23:33:03
used,Used 2015 Chevrolet Silverado 3500HD,Pre-Owned 2015 Chevrolet Silverado 3500HD LTZ Crew Cab,Chevrolet,34000 USD,Truck,Silverado 3500HD,2024-09-17 17:50:33
used,Used 2021 Chevrolet Silverado 1500,Pre-Owned 2021 Chevrolet Silverado 1500 LT Crew Cab,Chevrolet,35698 USD,Truck,Silverado 1500,2024-03-12 01:25:27
used,Used 2021 Cadillac XT5,Pre-Owned 2021 Cadillac XT5 Premium Luxury,Cadillac,34270 USD,SUV,XT5,2024-06-06 20:55:16
used,Used 2022 GMC Sierra 1500 Limited,Pre-Owned 2022 GMC Sierra 1500 Limited Elevation Double Cab,GMC,35062 USD,Truck,Sierra 1500 Limited,2024-08-01 12:53:06
used,Used 2023 Chevrolet Traverse,Pre-Owned 2023 Chevrolet Traverse LT Leather,Chevrolet,35890 USD,SUV,Traverse,2024-07-10 20:40:31
used,Used 2021 Chevrolet Blazer,Pre-Owned 2021 Chevrolet Blazer RS,Chevrolet,35982 USD,SUV,Blazer,2024-12-22 09:15:24
used,Used 2022 Buick Enclave,Pre-Owned 2022 Buick Enclave Avenir,Buick,36784 USD,SUV,Enclave,2024-01-02 09:18:12
used,Used 2021 Chevrolet Silverado 1500,Pre-Owned 2021 Chevrolet Silverado 1500 Custom Trail Boss Crew Cab,Chevrolet,34030 USD,Truck,Silverado 1500,2024-02-29 15:22:57
used,Used 2019 GMC Canyon,Pre-Owned 2019 GMC Canyon 4WD All Terrain w/Leather 4WD Crew Cab 1283 All Terrain wLeather,GMC,32780 USD,Truck,Canyon,2024-05-27 20:45:39
used,Used 2018 Toyota 4Runner,Pre-Owned 2018 Toyota 4Runner SR5 Premium,Toyota,30949 USD,SUV,4Runner,2024-03-22 16:50:49
used,Used 2020 Cadillac XT5,Pre-Owned 2020 Cadillac XT5 Premium Luxury,Cadillac,32415 USD,SUV,XT5,2024-03-03 12:36:48
used,Used 2022 Ram 1500,Pre-Owned 2022 Ram 1500 Big Horn,Ram,32386 USD,Truck,1500,2024-07-04 05:36:18
used,Used 2021 Buick Enclave,Pre-Owned 2021 Buick Enclave Essence,Buick,32354 USD,SUV,Enclave,2024-01-26 15:15:07
used,Used 2021 GMC Sierra 1500,Pre-Owned 2021 GMC Sierra 1500 SLT Crew Cab,GMC,31707 USD,Truck,Sierra 1500,2024-05-18 01:58:57
used,Used 2021 Buick Enclave,Pre-Owned 2021 Buick Enclave Essence,Buick,31280 USD,SUV,Enclave,2024-03-18 11:44:37
used,Used 2020 Ram 1500,Pre-Owned 2020 Ram 1500 Big Horn/Lone Star Crew Cab,Ram,31255 USD,Truck,1500,2024-10-17 23:32:57
used,Used 2022 GMC Acadia,Pre-Owned 2022 GMC Acadia AT4,GMC,30670 USD,SUV,Acadia,2024-11-22 14:59:54
used,Used 2021 Ram 1500,Pre-Owned 2021 Ram 1500 Big Horn/Lone Star Crew Cab,Ram,30651 USD,Truck,1500,2024-03-04 07:40:43
used,Used 2021 Buick Enclave,Pre-Owned 2021 Buick Enclave Essence,Buick,30227 USD,SUV,Enclave,2024-11-01 04:07:41
used,Used 2024 GMC Terrain,Pre-Owned 2024 GMC Terrain SLT,GMC,30000 USD,SUV,Terrain,2024-10-07 22:39:44
used,Used 2021 GMC Acadia,Pre-Owned 2021 GMC Acadia AT4,GMC,29894 USD,SUV,Acadia,2024-09-11 08:48:04
used,Used 2021 GMC Sierra 1500,Pre-Owned 2021 GMC Sierra 1500 Denali Crew Cab,GMC,38000 USD,Truck,Sierra 1500,2024-10-22 18:02:52
used,Used 2020 Honda Odyssey,Pre-Owned 2020 Honda Odyssey EX-L,Honda,28873 USD,Minivan,Odyssey,2024-12-13 01:03:50
used,Used 2021 Buick Enclave,Pre-Owned 2021 Buick Enclave Essence,Buick,32501 USD,SUV,Enclave,2024-05-11 20:25:48
used,Used 2019 GMC Sierra 1500,Pre-Owned 2019 GMC Sierra 1500 Denali Crew Cab,GMC,38324 USD,Truck,Sierra 1500,2024-06-16 08:32:53
used,Used 2022 GMC Yukon,Pre-Owned 2022 GMC Yukon Denali,GMC,65000 USD,SUV,Yukon,2024-09-08 04:13:27
used,Used 2024 GMC Savana 2500,Pre-Owned 2024 GMC Savana 2500 Work Van,GMC,40000 USD,Other,Savana 2500,2024-11-30 01:08:54
used,Used 2023 Buick Envision,Pre-Owned 2023 Buick Envision Preferred,Buick,28837 USD,SUV,Envision,2024-05-18 18:00:27
used,Used 2024 GMC Sierra 3500HD,Pre-Owned 2024 GMC Sierra 3500HD Denali Ultimate Crew Cab,GMC,88297 USD,Truck,Sierra 3500HD,2024-06-25 09:11:29
used,Used 2023 GMC Sierra 2500 HD,Pre-Owned 2023 GMC Sierra 2500 HD AT4 Crew Cab,GMC,62321 USD,Truck,Sierra 2500 HD,2024-02-12 05:49:08
used,Used 2013 International Workstar,Pre-Owned 2013 International Workstar 7500,International,60000 USD,Truck,Workstar,2024-08-09 04:47:44
used,Used 2021 Chevrolet Silverado 3500 HD,Pre-Owned 2021 Chevrolet Silverado 3500 HD LTZ Crew Cab,Chevrolet,59166 USD,Truck,Silverado 3500 HD,2024-05-15 01:21:46
used,Used 2023 GMC Sierra 2500HD,Pre-Owned 2023 GMC Sierra 2500HD SLE Double Cab,GMC,58000 USD,Truck,Sierra 2500HD,2024-12-03 15:32:48
used,Used 2022 Chevrolet Silverado 1500,Pre-Owned 2022 Chevrolet Silverado 1500 ZR2 Crew Cab,Chevrolet,56020 USD,Truck,Silverado 1500,2024-08-12 23:22:01
used,Used 2020 Chevrolet Silverado 3500HD,Pre-Owned 2020 Chevrolet Silverado 3500HD LTZ Crew Cab,Chevrolet,55421 USD,Truck,Silverado 3500HD,2024-09-09 20:48:17
used,Used 2022 Toyota Tundra Hybrid,Pre-Owned 2022 Toyota Tundra Hybrid 1794 Edition Crew Cab,Toyota,54977 USD,Truck,Tundra Hybrid,2024-11-24 06:23:51
used,Used 2021 GMC Yukon,Pre-Owned 2021 GMC Yukon AT4,GMC,52444 USD,SUV,Yukon,2024-10-17 05:52:21
used,Used 2022 Jeep Wagoneer,Pre-Owned 2022 Jeep Wagoneer Series III,Jeep,52158 USD,SUV,Wagoneer,2024-10-24 07:14:29
used,Used 2020 GMC Sierra 3500HD,Pre-Owned 2020 GMC Sierra 3500HD SLT Crew Cab,GMC,52000 USD,Truck,Sierra 3500HD,2024-12-03 21:56:51
used,Used 2023 Jeep Grand Cherokee,Pre-Owned 2023 Jeep Grand Cherokee Summit,Jeep,45936 USD,SUV,Grand Cherokee,2024-10-31 20:31:10
used,Used 2023 Chevrolet Silverado 1500,Pre-Owned 2023 Chevrolet Silverado 1500 RST Crew Cab,Chevrolet,44149 USD,Truck,Silverado 1500,2024-10-05 20:12:21
used,Used 2020 GMC Sierra 1500,Pre-Owned 2020 GMC Sierra 1500 AT4 Crew Cab,GMC,42252 USD,Truck,Sierra 1500,2024-02-03 18:29:57
used,Used 2023 GMC Sierra 1500,Pre-Owned 2023 GMC Sierra 1500 Elevation Double Cab,GMC,40810 USD,Truck,Sierra 1500,2024-05-27 04:32:28
used,Used 2022 Chevrolet Silverado 1500,Pre-Owned 2022 Chevrolet Silverado 1500 RST Crew Cab,Chevrolet,40000 USD,Truck,Silverado 1500,2024-06-03 03:07:48
used,Used 2021 Chevrolet Silverado 1500,Pre-Owned 2021 Chevrolet Silverado 1500 RST Crew Cab,Chevrolet,39000 USD,Truck,Silverado 1500,2024-06-05 15:25:07
used,Used 2022 Ford Bronco Sport,Pre-Owned 2022 Ford Bronco Sport Badlands,Ford,28640 USD,SUV,Bronco Sport,2024-05-06 19:07:44
used,Used 2021 GMC Terrain,Pre-Owned 2021 GMC Terrain SLE,GMC,21056 USD,SUV,Terrain,2024-01-18 00:58:48
used,Used 2020 Chevrolet Blazer,Pre-Owned 2020 Chevrolet Blazer RS,Chevrolet,26940 USD,SUV,Blazer,2024-03-25 01:29:57
used,Used 2023 Chevrolet Malibu,Pre-Owned 2023 Chevrolet Malibu LT,Chevrolet,21627 USD,Sedan,Malibu,2024-11-19 22:57:54
used,Used 2018 Buick Enclave,Pre-Owned 2018 Buick Enclave Premium Group,Buick,21520 USD,SUV,Enclave,2024-08-25 03:10:11
used,Used 2020 Chevrolet Blazer,Pre-Owned 2020 Chevrolet Blazer LT,Chevrolet,21456 USD,SUV,Blazer,2024-10-06 20:11:37
used,Used 2020 GMC Terrain,Pre-Owned 2020 GMC Terrain SLE,GMC,21000 USD,SUV,Terrain,2024-03-12 08:29:45
used,Used 2019 INFINITI QX60,Pre-Owned 2019 INFINITI QX60 LUXE,INFINITI,20903 USD,SUV,QX60,2024-09-14 23:17:22
used,Used 2018 Ram 1500,Pre-Owned 2018 Ram 1500 Big Horn Crew Cab,Ram,20806 USD,Truck,1500,2024-08-19 10:10:10
used,Used 2021 Chevrolet Equinox,Pre-Owned 2021 Chevrolet Equinox LT,Chevrolet,20780 USD,SUV,Equinox,2024-02-08 16:59:40
used,Used 2021 Chevrolet Equinox,Pre-Owned 2021 Chevrolet Equinox LT,Chevrolet,20602 USD,SUV,Equinox,2024-05-28 06:38:24
used,Used 2021 Chevrolet Equinox,Pre-Owned 2021 Chevrolet Equinox LT,Chevrolet,20526 USD,SUV,Equinox,2024-09-07 12:51:43
used,Used 2021 Chevrolet Equinox,Pre-Owned 2021 Chevrolet Equinox LT,Chevrolet,20317 USD,SUV,Equinox,2024-11-01 00:27:02
used,Used 2021 Chevrolet Equinox,Pre-Owned 2021 Chevrolet Equinox LT,Chevrolet,20049 USD,SUV,Equinox,2024-04-11 21:17:37
used,Used 2021 GMC Terrain,Pre-Owned 2021 GMC Terrain SLE,GMC,19936 USD,SUV,Terrain,2024-05-17 00:57:03
used,Used 2021 Chevrolet Equinox,Pre-Owned 2021 Chevrolet Equinox LT,Chevrolet,21852 USD,SUV,Equinox,2024-01-11 01:48:41
used,Used 2017 Ford Explorer,Pre-Owned 2017 Ford Explorer XLT,Ford,19035 USD,SUV,Explorer,2024-05-27 09:39:12
used,Used 2021 Chevrolet Equinox,Pre-Owned 2021 Chevrolet Equinox LT,Chevrolet,18539 USD,SUV,Equinox,2024-11-28 12:08:37
used,Used 2020 Buick Encore GX,Pre-Owned 2020 Buick Encore GX Select,Buick,18300 USD,SUV,Encore GX,2024-11-03 17:03:04
used,Used 2020 Chevrolet Equinox,Pre-Owned 2020 Chevrolet Equinox LT,Chevrolet,18000 USD,SUV,Equinox,2024-09-23 22:07:24
used,Used 2021 Mazda CX-30,Pre-Owned 2021 Mazda CX-30 Select,Mazda,17875 USD,SUV,CX-30,2024-11-06 22:01:25
used,Used 2021 Chevrolet Trax,Pre-Owned 2021 Chevrolet Trax LT,Chevrolet,17723 USD,SUV,Trax,2024-11-24 15:35:08
used,Used 2018 Chrysler Pacifica,Pre-Owned 2018 Chrysler Pacifica Touring L Plus,Chrysler,16574 USD,Van,Pacifica,2024-06-14 23:00:25
used,Used 2018 Ford Escape,Pre-Owned 2018 Ford Escape SE,Ford,16009 USD,SUV,Escape,2024-05-21 16:22:31
used,Used 2019 Subaru Outback,Pre-Owned 2019 Subaru Outback 2.5i,Subaru,14279 USD,Wagon,Outback,2024-10-06 15:55:01
used,Used 2014 Chevrolet Traverse,Pre-Owned 2014 Chevrolet Traverse LT,Chevrolet,11671 USD,SUV,Traverse,2024-03-18 23:15:39
used,Used 2012 Ram 1500,Pre-Owned 2012 Ram 1500 Express Standard Cab,Ram,10000 USD,Truck,1500,2024-10-27 03:21:41
used,Used 2014 Cadillac SRX,Pre-Owned 2014 Cadillac SRX Luxury,Cadillac,10000 USD,SUV,SRX,2024-09-12 10:58:18
used,Used 2013 Chrysler Town & Country,Pre-Owned 2013 Chrysler Town & Country Touring-L,Chrysler,8507 USD,Minivan,Town & Country,2024-09-12 16:59:02
used,Used 2011 Honda CR-V,Pre-Owned 2011 Honda CR-V EX-L,Honda,7809 USD,SUV,CR-V,2024-07-14 06:45:55
used,Used 2018 Cadillac XT5,Pre-Owned 2018 Cadillac XT5 FWD,Cadillac,18797 USD,SUV,XT5,2024-10-19 11:50:24
used,Used 2018 GMC Sierra 1500,Pre-Owned 2018 GMC Sierra 1500 SLT Crew Cab,GMC,28244 USD,Truck,Sierra 1500,2024-05-03 23:51:16
used,Used 2021 Chevrolet Equinox,Pre-Owned 2021 Chevrolet Equinox LT,Chevrolet,21934 USD,SUV,Equinox,2024-07-30 00:30:28
used,Used 2021 Chevrolet Equinox,Pre-Owned 2021 Chevrolet Equinox LT,Chevrolet,22118 USD,SUV,Equinox,2024-01-21 20:42:23
used,Used 2019 GMC Acadia,Pre-Owned 2019 GMC Acadia Denali,GMC,26918 USD,SUV,Acadia,2024-01-03 11:11:19
used,Used 2021 GMC Canyon,Pre-Owned 2021 GMC Canyon Elevation Standard,GMC,26743 USD,Truck,Canyon,2024-01-08 02:39:11
used,Used 2015 Cadillac Escalade,Pre-Owned 2015 Cadillac Escalade Luxury,Cadillac,26699 USD,SUV,Escalade,2024-05-25 18:21:49
used,Used 2021 Chevrolet Blazer,Pre-Owned 2021 Chevrolet Blazer LT,Chevrolet,26525 USD,SUV,Blazer,2024-11-13 09:26:14
used,Used 2020 Chevrolet Silverado 1500,Pre-Owned 2020 Chevrolet Silverado 1500 Custom Crew Cab,Chevrolet,26379 USD,Truck,Silverado 1500,2024-11-18 10:37:08
used,Used 2022 GMC Terrain,Pre-Owned 2022 GMC Terrain AT4,GMC,26228 USD,SUV,Terrain,2024-11-29 23:14:33
used,Used 2019 Toyota Highlander,Pre-Owned 2019 Toyota Highlander SE,Toyota,25713 USD,SUV,Highlander,2024-01-27 20:03:57
used,Used 2019 Ford Explorer,Pre-Owned 2019 Ford Explorer XLT,Ford,25442 USD,SUV,Explorer,2024-09-14 18:26:06
used,Used 2023 Buick Encore GX,Pre-Owned 2023 Buick Encore GX Select,Buick,25324 USD,SUV,Encore GX,2024-11-21 09:19:36
used,Used 2021 Chevrolet Blazer,Pre-Owned 2021 Chevrolet Blazer LT,Chevrolet,25254 USD,SUV,Blazer,2024-09-15 00:41:00
used,Used 2022 Chrysler Pacifica,Pre-Owned 2022 Chrysler Pacifica Touring L,Chrysler,25055 USD,Van,Pacifica,2024-08-21 19:22:26
used,Used 2022 Chrysler Pacifica,Pre-Owned 2022 Chrysler Pacifica Touring L,Chrysler,25000 USD,Van,Pacifica,2024-01-09 05:17:23
used,Used 2021 Chevrolet Blazer,Pre-Owned 2021 Chevrolet Blazer LT,Chevrolet,24804 USD,SUV,Blazer,2024-08-01 04:33:06
used,Used 2021 Subaru Crosstrek,Pre-Owned 2021 Subaru Crosstrek Premium,Subaru,21950 USD,SUV,Crosstrek,2024-01-07 18:30:21
used,Used 2022 Chrysler Pacifica,Pre-Owned 2022 Chrysler Pacifica Touring L,Chrysler,24667 USD,Van,Pacifica,2024-03-28 15:55:32
used,Used 2021 Buick Envision,Pre-Owned 2021 Buick Envision Preferred,Buick,24456 USD,SUV,Envision,2024-08-27 11:16:45
used,Used 2017 Ford F-150,Pre-Owned 2017 Ford F-150 XLT,Ford,24087 USD,Truck,F-150,2024-08-25 16:39:04
used,Used 2016 Chevrolet Silverado 1500,Pre-Owned 2016 Chevrolet Silverado 1500 LTZ 4WD Crew Cab 1435 LTZ w1LZ,Chevrolet,23500 USD,Truck,Silverado 1500,2024-11-29 12:18:44
used,Used 2020 GMC Sierra 1500,Pre-Owned 2020 GMC Sierra 1500 SLE Crew Cab,GMC,23313 USD,Truck,Sierra 1500,2024-07-14 23:21:55
used,Used 2022 Ford Edge,Pre-Owned 2022 Ford Edge SEL,Ford,23293 USD,SUV,Edge,2024-07-15 20:29:20
used,Used 2021 Chevrolet Equinox,Pre-Owned 2021 Chevrolet Equinox LT,Chevrolet,23105 USD,SUV,Equinox,2024-03-17 17:39:02
used,Used 2021 Chevrolet Blazer,Pre-Owned 2021 Chevrolet Blazer 3LT,Chevrolet,23067 USD,SUV,Blazer,2024-10-05 21:39:39
used,Used 2016 Chevrolet Suburban,Pre-Owned 2016 Chevrolet Suburban LT,Chevrolet,23000 USD,SUV,Suburban,2024-07-08 09:26:10
used,Used 2018 GMC Sierra 1500,Pre-Owned 2018 GMC Sierra 1500 SLT Crew Cab,GMC,22719 USD,Truck,Sierra 1500,2024-03-24 15:27:18
used,Used 2022 Buick Encore GX,Pre-Owned 2022 Buick Encore GX Preferred,Buick,22606 USD,SUV,Encore GX,2024-11-25 15:44:41
used,Used 2020 Toyota RAV4,Pre-Owned 2020 Toyota RAV4 XLE,Toyota,22556 USD,SUV,RAV4,2024-09-04 22:12:25
used,Used 2021 Chevrolet Equinox,Pre-Owned 2021 Chevrolet Equinox LT,Chevrolet,22233 USD,SUV,Equinox,2024-11-06 15:30:25
used,Used 2020 Ford Edge,Pre-Owned 2020 Ford Edge SEL,Ford,22145 USD,SUV,Edge,2024-03-19 00:17:32
used,Used 2022 GMC Terrain,Pre-Owned 2022 GMC Terrain SLE,GMC,24498 USD,SUV,Terrain,2024-08-13 02:12:59
cpo,CPO 2017 Ford F-150,Pre-Owned 2017 Ford F-150 XLT,Ford,24087 USD,Truck,F-150,2024-04-02 12:03:50
cpo,Used 2016 Chevrolet Silverado 1500,Pre-Owned 2016 Chevrolet Silverado 1500 LTZ 4WD Crew Cab 1435 LTZ w1LZ,Chevrolet,23500 USD,Truck,Silverado 1500,2024-03-16 08:59:59
cpo,Used 2020 GMC Sierra 1500,Pre-Owned 2020 GMC Sierra 1500 SLE Crew Cab,GMC,23313 USD,Truck,Sierra 1500,2024-04-02 08:16:55
cpo,Used 2022 Ford Edge,Pre-Owned 2022 Ford Edge SEL,Ford,23293 USD,SUV,Edge,2024-11-04 01:14:24
cpo,Used 2021 Chevrolet Equinox,Pre-Owned 2021 Chevrolet Equinox LT,Chevrolet,23105 USD,SUV,Equinox,2024-05-22 00:21:16
cpo,Used 2021 Chevrolet Blazer,Pre-Owned 2021 Chevrolet Blazer 3LT,Chevrolet,23067 USD,SUV,Blazer,2024-03-30 12:11:11
cpo,Used 2016 Chevrolet Suburban,Pre-Owned 2016 Chevrolet Suburban LT,Chevrolet,23000 USD,SUV,Suburban,2024-03-30 20:52:49
cpo,Used 2018 GMC Sierra 1500,Pre-Owned 2018 GMC Sierra 1500 SLT Crew Cab,GMC,22719 USD,Truck,Sierra 1500,2024-01-01 13:02:30
cpo,Used 2022 Buick Encore GX,Pre-Owned 2022 Buick Encore GX Preferred,Buick,22606 USD,SUV,Encore GX,2024-05-12 07:55:27
cpo,Used 2020 Toyota RAV4,Pre-Owned 2020 Toyota RAV4 XLE,Toyota,22556 USD,SUV,RAV4,2024-03-06 00:49:44
cpo,Used 2021 Chevrolet Equinox,Pre-Owned 2021 Chevrolet Equinox LT,Chevrolet,22233 USD,SUV,Equinox,2024-04-26 19:07:34
cpo,Used 2020 Ford Edge,Pre-Owned 2020 Ford Edge SEL,Ford,22145 USD,SUV,Edge,2024-04-13 06:52:56
cpo,Used 2022 GMC Terrain,Pre-Owned 2022 GMC Terrain SLE,GMC,24498 USD,SUV,Terrain,2024-06-21 04:10:53